{"cameraMode":{"drawMode":0,"name":"Shaded","section":"Shading Mode"},"sceneLighting":false,"audioPlay":false,"sceneViewState":{"m_AlwaysRefresh":false,"showFog":true,"showSkybox":true,"showFlares":true,"showImageEffects":true,"showParticleSystems":true,"showVisualEffectGraphs":true,"m_FxEnabled":true},"in2DMode":false,"pivot":{"x":-11.703374862670899,"y":-5.939964294433594,"z":-11.009614944458008},"rotation":{"x":-0.006408829241991043,"y":0.9327907562255859,"z":-0.3600761592388153,"w":-0.016505146399140359},"size":16.447202682495118,"orthographic":false}